<?xml version="1.0" encoding="UTF-8"?>
<!DOCTYPE hibernate-configuration PUBLIC 
  "-//Hibernate/Hibernate Configuration DTD 3.0//EN" 
  "http://www.hibernate.org/dtd/hibernate-configuration-3.0.dtd">
<hibernate-configuration>
    <session-factory>
        <!-- JDBC Database connection settings -->
        <property name="connection.driver_class">com.mysql.cj.jdbc.Driver</property>
    	<property name="connection.url">jdbc:mysql://localhost/inventory</property>
    	<property name="connection.username">root</property>
    	<property name="connection.password">Rushi@123</property>
    	<!-- Specify dialect -->
    	<property name="dialect">org.hibernate.dialect.MySQL8Dialect</property>
    	
    	
    	
    	<!-- Echo all executed SQL to stdout -->
    	<property name="show_sql">true</property>
    	<property name="format_sql">true</property>
    	
    	<!-- Drop and re-create the database schema on startup -->
    	<property name="hbm2ddl.auto">update</property>
    	
 	     
 	    <!-- Names the annotated entity class -->
		<mapping class="com.Model.Item" />
    </session-factory>
</hibernate-configuration>
